label,text
spam,"Congratulations! You've been selected as a winner for a $1,000 Walmart Gift Card. Click here to claim your prize immediately!"
spam,"URGENT: Your PayPal account has been suspended due to suspicious activity. Verify your identity at http://secure-paypal-verify.com"
spam,"Increase your website traffic by 500% with our automated SEO & backlink service! Cheap monthly packages starting at $29."
spam,"Dear beneficiary, you have an unclaimed inheritance fund of $5,500,000. Send your bank details and passport copy to transfer funds."
spam,"Exclusive luxury watches up to 90% off! Buy genuine Rolex, Omega, and Cartier replicas today. Fast worldwide shipping."
spam,"Hot singles in your neighborhood are waiting to chat with you right now. Click here to see photos."
spam,"Guaranteed 200% ROI in 7 days with AI crypto trading bot! Deposit Bitcoin now to start earning passive income."
spam,"FINAL NOTICE: Your auto warranty is about to expire! Call 1-800-555-0199 now to extend your coverage and avoid huge repair bills."
spam,"Work from home making $500 a day typing emails! No experience needed, instant payout every Friday. Sign up today."
spam,"Your Netflix account is on hold. Please update your payment method within 24 hours to keep your membership active."
spam,"Doctor discovers 1 weird trick to lose 20 lbs in 2 weeks without diet or exercise. Watch the secret video now!"
spam,"You have received 1 new secure encrypted voice message. Click the attachment to listen to your voice memo."
spam,"Low interest mortgage refinance available now. Lower your monthly payment by up to $400/month. Pre-qualify in 60 seconds."
spam,"ALERT: Wells Fargo Bank detected unauthorized login from Russia. Click here to secure your account immediately."
spam,"Special promotional discount! 70% off on all men's health pills. Free discrete shipping on orders over $50."
spam,"Invoice #98234 attached. Please review the attached zip file and send payment via wire transfer."
spam,"Dear Sir/Madam, we supply high quality LED lights directly from factory in Shenzhen. Inquire today for catalog."
spam,"You are eligible for government grant money of up to $10,000 that you never have to repay! Apply before midnight."
spam,"Free trial of cloud CRM software - get 10,000 free marketing email credits when you register today."
spam,"URGENT: Your Amazon package could not be delivered due to missing house number. Update your address at bit.ly/amz-pkg-fix"
spam,"Get rich quick with binary options and Forex signals! Join our Telegram VIP channel for 95% winning trades."
spam,"Your Apple ID was locked for security reasons. Click here to confirm your credentials and unlock your Apple account."
spam,"Limited time flash sale! Buy 1 get 2 free on all sunglasses. Use coupon code FLASH99 at checkout."
spam,"Hello, I am a foreign diplomat seeking a trustworthy partner to assist in moving assets. You will receive 30% commission."
spam,"Notice of IRS tax penalty. You owe $3,450 in back taxes. Call immediately to avoid legal arrest warrant."
spam,"Boost your credit score by 150 points in 30 days legally! Click here to learn how."
spam,"Download the latest cracked version of Adobe Photoshop 2026 for free! Direct high-speed download link."
spam,"Clearance warehouse liquidation: 85% discount on 4K Smart TVs, laptops, and gaming consoles while supplies last."
spam,"Verify your Microsoft 365 password to prevent mailbox deactivation within 12 hours."
spam,"Cheap business loans with no credit check required! Funds deposited in your account within 24 hours."
spam,"Congratulations user! Your email address won the 2026 International Lottery. Claim 1 Million Euros now."
spam,"Upgrade your male performance with natural herbal supplements. Buy 2 bottles get 1 free with discreet packaging."
spam,"Urgent security alert: Someone attempted to access your Coinbase account from unknown IP. Confirm your 2FA key."
spam,"Order confirmation: Thank you for ordering iPhone 16 Pro Max for $1,299. If you did not make this purchase, call support."
spam,"Secret weight loss gummy bears that celebrities are raving about! Claim your free sample bottle today."
spam,"You have 4 unread messages waiting from dating matches in your city. Login now to reply."
spam,"Earn $8,000 per month stuffing envelopes at home. Minimal effort required. Request your starter kit."
spam,"Warning: Your cloud storage is 99% full. Upgrade your storage plan now to avoid losing your files and photos."
spam,"Custom t-shirt printing at unbeatable wholesale prices. Fast delivery and free artwork proofing."
spam,"Attention: Your domain name is expiring in 3 days. Renew now to avoid losing your web address and search rankings."
ham,"Hi team, please find attached the agenda for tomorrow's weekly sprint planning meeting at 10:00 AM EST."
ham,"Hi Sarah, I reviewed the pull request for the authentication module. Left a couple of minor comments on GitHub."
ham,"Good morning Alex, could you please send me the latest Q3 financial report when you have a moment?"
ham,"Hi everyone, I will be taking PTO next week from Monday, Oct 12 to Wednesday, Oct 14. For urgent issues reach out to Dave."
ham,"Thank you for your order! Your package has shipped via FedEx and is scheduled for delivery on Thursday. Tracking number: 789456123."
ham,"Hi Mark, thanks for meeting with us today. Attached is the proposal we discussed regarding the software architecture overhaul."
ham,"Hey, are we still on for lunch at the cafeteria around 12:30 PM today?"
ham,"Hi Professor Davis, I had a question regarding problem #4 on the homework assignment. Could I stop by your office hours tomorrow?"
ham,"Your monthly statement for account ending in 4589 is now available to view in your online banking portal."
ham,"Hi team, the staging environment deployment has completed successfully. Please proceed with QA smoke testing."
ham,"Hi Emily, here are the meeting notes and action items from our discussion with the client this morning."
ham,"Dear customer, your appointment with Dr. Johnson is confirmed for Tuesday, Nov 5 at 2:30 PM. Reply 1 to confirm."
ham,"Hey Mom, just letting you know I landed safely and am heading to the hotel now. Talk to you tomorrow morning!"
ham,"Hi John, can you please approve the expense report I submitted yesterday in the employee portal?"
ham,"Hi everyone, please remember to submit your quarterly self-evaluations before end of day this Friday."
ham,"Thank you for contacting customer support. We have received your ticket #45821 and a support representative will respond shortly."
ham,"Hi Kevin, let's sync up for 15 minutes this afternoon to finalize the design mockups for the new onboarding flow."
ham,"Your electric utility bill for October is $84.50 and will be automatically debited on Nov 1st. View your usage breakdown online."
ham,"Hi team, great job on closing the enterprise deal with Acme Corp! Huge milestone for our department."
ham,"Hi Rachel, could you share the slide deck from yesterday's product roadmap presentation? A few team members missed it."
ham,"Dear Applicant, thank you for interviewing for the Software Engineer role. We were very impressed with your background and would like to extend an offer."
ham,"Hi David, the server backup completed with 0 errors at 03:00 UTC. Total data backed up: 450 GB."
ham,"Hey, don't forget to bring the soccer gear for tonight's match at 7 PM."
ham,"Hi team, our company holiday party will take place on Friday, Dec 18 at 6 PM. Please RSVP by next week."
ham,"Your flight to San Francisco (SFO) is on schedule. Flight UA 458 departs at 8:45 AM from Gate B12."
ham,"Hi Lisa, please review the draft press release for our upcoming feature launch and let me know if you have edits."
ham,"Hi team, please be advised that our VPN network will undergo scheduled maintenance this Sunday from 2 AM to 4 AM."
ham,"Thanks for submitting your inquiry regarding our API pricing tiers. I've attached our enterprise rate card."
ham,"Hi John, I've updated the database migration script according to your feedback. Ready for your final review."
ham,"Dear user, your password was changed successfully on 2026-08-20. If you did not make this change, please contact IT."
ham,"Hi Samantha, can we reschedule our 1-on-1 to 3 PM? A client emergency just came up."
ham,"Hey, I left the keys on the kitchen counter for you. Have a great weekend!"
ham,"Hi everyone, welcome our new team member James who is joining us as a Frontend Engineer today."
ham,"Your reservation at Bistro Bella for 4 guests on Saturday at 7:30 PM has been confirmed."
ham,"Hi Michael, could you check why the automated test suite failed on the master branch after the latest commit?"
ham,"Hi Dr. Patel, confirming that I will attend my dental cleaning session this Friday at 10 AM."
ham,"Hi team, the customer satisfaction score for this quarter increased by 14%. Kudos to everyone on the support team."
ham,"Good afternoon, please find the signed NDA document attached. Looking forward to our collaboration."
ham,"Hey Chris, here is the recipe I mentioned earlier. Let me know how it turns out!"
ham,"Your library books are due in 3 days. You can renew them online through your patron account."
